id,title,authors,year,abstract,keywords,journal,doi,source_db,country,citations,url
CR_10.23978/inf.178425,Youth Meeting Generative Artificial Intelligence: Young People’s Ways of Navigating with Generative-Artificial-Intelligence-Powered Tools and Systems,Yucong Lao,2026,"Yucong Lao’s doctoral dissertation in the field of Information Studies, “Youth Meeting GenAI: Young people's media and information literacy practices in the information ecosystem shaped by generative artificial intelligence”, was examined on December 19, 2025, at the University of Oulu’s Faculty of Humanities. Professor Denise Agosto (Rutgers University, USA) served as the opponent, with Professor Noora Hirvonen (University of Oulu) as the custodian. The dissertation is published in University of Oulu’s publication archive OuluREPO at https://urn.fi/URN:NBN:fi:oulu-202511196795.",,Informaatiotutkimus,10.23978/inf.178425,CrossRef,,0,https://doi.org/10.23978/inf.178425
CR_10.23880/oajda-16000118,"Frontiers of Artificial Intelligence Versus Generative, Explainable and Quantum Technologies: An Overview",Ramchandra M*,2024,"Generative AI can produce content that is similar to human ingenuity, revolutionizing a number of industries with lifelike outputs like music and images. Misinformation and intellectual property rights give rise to ethical concerns. Notwithstanding these difficulties, generative AI has the potential to spur additional innovation in a variety of sectors, subject to moral issues. The goal of explainable AI (XAI) is to improve AI systems’ accountability and transparency, which is essential for their inclusion into industries like banking and healthcare. However, in order to effectively explain complicated AI systems, strong XAI techniques are required. Quantum artificial intelligence (QAI) promises improvements in cryptography and optimization by using quantum physics to speed up AI systems. However, there are still difficulties in creating practical quantum computers and improving quantum AI algorithms. The present overview provides new insights into developing a platform to explore AI in various arenas of life sciences and technologies and social up-gradation.",,Open Access Journal of Data Science and Artificial Intelligence,10.23880/oajda-16000118,CrossRef,,0,https://doi.org/10.23880/oajda-16000118
CR_10.3390/soc14120268,Generative Artificial Intelligence and Regulations: Can We Plan a Resilient Journey Toward the Safe Application of Generative Artificial Intelligence?,Matteo Bodini,2024,"The rapid advancements of Generative Artificial Intelligence (GenAI) technologies, such as the well-known OpenAI ChatGPT and Microsoft Copilot, have sparked significant societal, economic, and regulatory challenges. Indeed, while the latter technologies promise unprecedented productivity gains, they also raise several concerns, such as job loss and displacement, deepfakes, and intellectual property violations. The present article aims to explore the present regulatory landscape of GenAI across the major global players, highlighting the divergent approaches adopted by the United States, United Kingdom, China, and the European Union. By drawing parallels with other complex global issues such as climate change and nuclear proliferation, this paper argues that the available traditional regulatory frameworks may be insufficient to address the unique challenges posed by GenAI. As a result, this article introduces a resilience-focused regulatory approach that emphasizes aspects such as adaptability, swift incident response, and recovery mechanisms to mitigate potential harm. By analyzing the existing regulations and suggesting potential future directions, the present article aims to contribute to the ongoing discourse on how to effectively govern GenAI technologies in a rapidly evolving regulatory landscape.",,Societies,10.3390/soc14120268,CrossRef,"Department of Economics, Management and Quantitative Methods, University of Milan, Via Conservatorio 7, 20122 Milan, Italy",6,https://doi.org/10.3390/soc14120268
CR_10.58496/bjai/2023/003,A Survey of Generative Artificial Intelligence Techniques,Tam Sakirin; Siddartha Kusuma,2023,"Generative artificial intelligence (AI) refers to algorithms capable of creating novel, realistic digital content autonomously. Recently, generative models have attained groundbreaking results in domains like image and audio synthesis, spurring vast interest in the field. This paper surveys the landscape of modern techniques powering the rise of creative AI systems. We structurally examine predominant algorithmic approaches including generative adversarial networks (GANs), variational autoencoders (VAEs), and autoregressive models. Architectural innovations and illustrations of generated outputs are highlighted for major models under each category. We give special attention to generative techniques for constructing realistic images, tracing rapid progress from early GAN samples to modern diffusion models like Stable Diffusion. The paper further reviews generative modeling to create convincing audio, video, and 3D renderings, which introduce critical challenges around fake media detection and data bias. Additionally, we discuss common datasets that have enabled advances in generative modeling. Finally, open questions around evaluation, technique blending, controlling model behaviors, commercial deployment, and ethical considerations are outlined as active areas for future work. This survey presents both long-standing and emerging techniques molding the state and trajectory of generative AI. The key goals are to overview major algorithm families, highlight innovations through example models, synthesize capabilities for multimedia generation, and discuss open problems around data, evaluation, control, and ethics. Please let me know if you would like any clarification or modification of this proposed abstract.",,Babylonian Journal of Artificial Intelligence,10.58496/bjai/2023/003,CrossRef,,52,https://doi.org/10.58496/bjai/2023/003
CR_10.33140/amlai.05.02.10,Digital Generative Multimedia Tool Theory (DGMTT): A Theoretical Postulation in the Era of Artificial Intelligence,,2024,"The advent of Artificial Intelligence (AI) has revolutionized the way multimedia content is created, processed, and consumed. The Digital Generative Multimedia Tool Theory (DGMTT) aims to provide a theoretical framework for understanding the implications, mechanics, and potential of AI-driven tools in the realm of multimedia. The theory addresses the convergence of AI with digital media creation, exploring how generative models influence artistic expression, content generation, and the broader cultural landscape. The use of generative technologies to produce digital multimedia material is one of the newer developments in this field. DGMTT is therefore presented as a theoretical foothold to address new innovation in the 21st century dominated AI. In this logic framework, it is argued that AI tools provide users with interactive capabilities to generate and modify multimedia content, offering new dimensions of creative freedom and flexibility. Interactive AI tools deepen user engagement by allowing personalized content creation and real-time feedback during the creative process. Thus, DGMTT offers an all-encompassing structure for comprehending and evaluating the fundamentals and consequences of generative tools in the production of multimedia content. It provides information about the creation and use of these instruments, thereby promoting developments in the digital media industry. These tools create dynamic and interactive multimedia content by utilizing machine learning, artificial intelligence, and algorithms. This theory emphasizes how crucial it is to comprehend the fundamental ideas and principles of generative tools in order to use them efficiently when creating digital media content.",,Advances in Machine Learning &amp; Artificial Intelligence,10.33140/amlai.05.02.10,CrossRef,,28,https://doi.org/10.33140/amlai.05.02.10
CR_10.6914/aiese.010103,How Generative Artificial Intelligence Shapes the Future of Education,Aiqing WANG,2025,"Artificial intelligence (AI) has significantly transformed higher education by enabling personalized learning through adaptive platforms, intelligent tutoring systems, and real-time feedback mechanisms. This study examines the benefits and challenges of AI-driven personalized learning, emphasizing its potential to improve student engagement, retention, and academic outcomes. However, ethical concerns—such as data privacy, algorithmic bias, and access disparities—pose challenges that must be addressed for sustainable AI integration. By analyzing case studies from multiple universities and synthesizing existing literature, this research proposes a framework for ethical AI implementation that balances innovation with accountability and inclusivity. The findings contribute to ongoing discussions on AI’s role in education, providing practical insights for educators, administrators, and policymakers.",,Artificial Intelligence Education Studies,10.6914/aiese.010103,CrossRef,,0,https://doi.org/10.6914/aiese.010103
CR_10.1007/s10462-024-10973-2,Digital deception: generative artificial intelligence in social engineering and phishing,Marc Schmitt; Ivan Flechais,2024,"Abstract  The advancement of Artificial Intelligence (AI) and Machine Learning (ML) has profound implications for both the utility and security of our digital interactions. This paper investigates the transformative role of Generative AI in Social Engineering (SE) attacks. We conduct a systematic review of social engineering and AI capabilities and use a theory of social engineering to identify three pillars where Generative AI amplifies the impact of SE attacks: Realistic Content Creation, Advanced Targeting and Personalization, and Automated Attack Infrastructure. We integrate these elements into a conceptual model designed to investigate the complex nature of AI-driven SE attacks—the Generative AI Social Engineering Framework. We further explore human implications and potential countermeasures to mitigate these risks. Our study aims to foster a deeper understanding of the risks, human implications, and countermeasures associated with this emerging paradigm, thereby contributing to a more secure and trustworthy human-computer interaction.",,Artificial Intelligence Review,10.1007/s10462-024-10973-2,CrossRef,,75,https://doi.org/10.1007/s10462-024-10973-2
CR_10.1007/s44244-023-00012-4,The role of generative artificial intelligence (GAI) in customer personalisation (CP) development in SMEs: a theoretical framework and research propositions,Kwabena Abrokwah-Larbi,2023,"Abstract  Based on the dynamic capabilities (DC) theory, the aim of this study is to investigate the contribution of generative artificial intelligence (GAI) to the development of customer personalisation (CP) within business organisations, particularly SMEs. This paper also explores how the function of GAI in the development of CP is supported by technological advancements like deep learning (DL), smart data (SD), and the Internet of Things (IoT). Using a theoretical framework based on DC theory and an analysis of the literature on GAI, DL, SD, IoT, and CP, the relationship between GAI and CP is theoretically studied. The dependent variable in this theoretical framework is CP, and the independent variable is GAI. Furthermore, while DL and SD just mediate the connection between GAI and CP, IoT moderates the relationship between GAI and SD. Figure 1 presents the theoretical framework and research propositions. On the basis of the constructs in this study, research propositions were developed and discussed. Eight significant research propositions on the relationship between GAI and CP development were developed using the theoretical framework used in this study. According to the suggested theoretical framework and research propositions, context-oriented CP can be created by GAI using DL and SD in conjunction with IoT when high-level customer attributes are retrieved in a structured, accurate, and real-time manner. Additionally, it results in important marketing outcomes including interactive marketing, value co-creation, and consumer loyalty. This study develops a theoretical framework and research propositions that theorise the relationship between GAI and CP which is rooted in literature and also based on DC perspective. The mediating roles of DL and SD on the relationship between GAI and CP, and the moderating role of IoT on the relationship between GAI and SD, provide support to GAI in the development of CP. This study also provides insight into SMEs’ adoption of GAI to generate context-oriented CP that may impact on their marketing development in areas such as interactive marketing, value co-creation, better targeting and customer loyalty.",,Industrial Artificial Intelligence,10.1007/s44244-023-00012-4,CrossRef,,28,https://doi.org/10.1007/s44244-023-00012-4
CR_10.35972/kindai.v21i1.2072,GENERATIVE ARTIFICIAL INTELLIGENCE SEBAGAI PENASIHAT KEUANGAN PRIBADI,Muhammad Raihan Rafli; Meiske Claudia; Liko Noor Rafianto Rahadhian; Muhammad Dio Syahputra; M. Haikal Wahyudi,2025,"Generative Artificial Intelligence (GAI) telah memberikan kemudahan dalam membantu pekerjaan manusia, khususnya di bidang keuangan. GAI dapat dimanfaatkan Masyarakat sebagai penasihat keuangan pribadi, memungkinkan mereka untuk mendapatkan saran investasi yang disesuaikan dengan profil keuangan dan tujuan pribadi mereka, sehingga meningkatkan pengelolaan keuangan dan potensi keuntungan. Penelitian ini bertujuan untuk mengetahui seberapa efektif dan bagaimana kredibilitas GAI dalam perannya sebagai financial advisor. Penelitian ini menggunakan pendekatan kualitatif melalui studi literatur dengan data yang dikumpulkan melalui teori-teori dari berbagai literatur yang relevan dengan topik penelitian. Hasil penelitian menunjukkan bahwa GAI tidak dapat sepenuhnya digunakan sebagai penasihat keuangan pribadi karena hasil yang ditampilkan cenderung bias dan tidak akurat, sehingga harus disertai dengan pengawasan manusia yang salah satunya adalah dengan mengintegariskan pengetahuan dasar seperti literasi keuangan yang dengan GAI agar dapat meningkatkan pemahaman dan efisiensi pengguna terkait informasi mengenai risiko untuk memastikan bahwa keputusan yang diambil adalah yang paling sesuai dan bertanggung jawab bagi masing-masing individu.",,KINDAI,10.35972/kindai.v21i1.2072,CrossRef,,0,https://doi.org/10.35972/kindai.v21i1.2072
CR_10.32739/uha.id.47742,Creative designs workshop with generative artificial intelligence was held,,2024,Creative designs workshop with generative artificial intelligence was held,,üha,10.32739/uha.id.47742,CrossRef,,0,https://doi.org/10.32739/uha.id.47742
CR_10.14342/smog.2024.124.119,A Systematic Review of Generative Artificial Intelligence in L2 Education,; Youn-Kyoung Lee,2024,,,Studies in Modern Grammar,10.14342/smog.2024.124.119,CrossRef,,2,https://doi.org/10.14342/smog.2024.124.119
CR_10.3390/children10081372,Generative Adversarial Network (Generative Artificial Intelligence) in Pediatric Radiology: A Systematic Review,Curtise Ng,2023,"Generative artificial intelligence, especially with regard to the generative adversarial network (GAN), is an important research area in radiology as evidenced by a number of literature reviews on the role of GAN in radiology published in the last few years. However, no review article about GAN in pediatric radiology has been published yet. The purpose of this paper is to systematically review applications of GAN in pediatric radiology, their performances, and methods for their performance evaluation. Electronic databases were used for a literature search on 6 April 2023. Thirty-seven papers met the selection criteria and were included. This review reveals that the GAN can be applied to magnetic resonance imaging, X-ray, computed tomography, ultrasound and positron emission tomography for image translation, segmentation, reconstruction, quality assessment, synthesis and data augmentation, and disease diagnosis. About 80% of the included studies compared their GAN model performances with those of other approaches and indicated that their GAN models outperformed the others by 0.1–158.6%. However, these study findings should be used with caution because of a number of methodological weaknesses. For future GAN studies, more robust methods will be essential for addressing these issues. Otherwise, this would affect the clinical adoption of the GAN-based applications in pediatric radiology and the potential advantages of GAN could not be realized widely.",,Children,10.3390/children10081372,CrossRef,"Curtin Medical School, Curtin University, GPO Box U1987, Perth, WA 6845, Australia",24,https://doi.org/10.3390/children10081372
CR_10.46282/bpf.2025.22,Artificial Intelligence as (Non-)Author: Legal and Ethical Aspects of Generative Artificial Intelligence,Martin Daňko; Laura Fotopulosová,2025,"The dynamic development of generative artificial intelligence (AI) systems fundamentally challenges the traditional understanding of originality and authorship in the context of copyright law. This article focuses on analysing the legal nature of outputs created by generative AI from the perspective of the applicable legal framework, which strictly presupposes and requires the existence of a human author and ties the emergence of authorship to a person’s creative intellectual contribution. However, since AI is not a legal subject and is incapable of autonomous creative activity in the legal sense, the question arises of how to classify outputs in copyright terms when the human contribution is minimal or entirely absent. The article therefore highlights differing concepts of (non-)authorship in the case of programmers of AI, users of AI, or the AI itself, as well as comparative approaches adopted in selected legal systems. The analysis also includes the ethical and societal implications of the mass use of AI in creative processes, particularly the impact of generative AI on the position of traditional authors. Finally, proposals de lege ferenda are presented, reflecting the need to adapt copyright law to new technological challenges while maintaining a balance between promoting creativity and protecting authors’ rights.",,Comenius : Bratislava legal forum,10.46282/bpf.2025.22,CrossRef,,0,https://doi.org/10.46282/bpf.2025.22
CR_10.24832/jpnk.v9i1.4859,Proses Adopsi Teknologi Generative Artificial Intelligence dalam Dunia Pendidikan:  Perspektif Teori Difusi Inovasi,Shiddiq Sugiono,2024,"Penelitian ini bertujuan menganalisis proses yang dapat dilakukan dalam adopsi teknologi generative artificial Intelligence (AI) melalui perspektif teori difusi inovasi sehingga dapat memaksimalkan kebermanfaatannya. Metode yang digunakan adalah meta-sintesis dengan pendekatan kualitatif. Data penelitian diperoleh dari literatur Scopus yang dipublikasikan pada November 2023 ""“ April 2024. Hasil meta-sintesis menunjukkan terdapat beberapa cara yang perlu dilakukan dalam mendukung proses adopsi generative AI, yaitu memahami potensi dan risiko, menanamkan nilai-nilai dasar penggunaan AI, meningkatkan kompetensi penyusunan prompt, meningkatkan penggunaan dan uji generative AI di dalam kelas, serta kolaborasi antar aktor dalam sektor pendidikan. Proses adopsi generative AI dihadapkan pada beberapa dilema dan tantangan. Dilema tersebut adalah menurunkan integritas akademik sehingga diperlukan penanaman nilai dasar penggunaan disamping perlunya keterampilan teknis dalam menyusun prompt. Tantangan lainnya adalah masih tertutupnya sistem pendidikan terhadap teknologi AI. Oleh karena itu, setiap aktor pendidikan harus berkolaborasi dalam menyosialisasikan generative AI, membuat kebijakan yang tepat untuk mengujicobakan AI, dan mengembangkan kurikulum agar teknologi generative AI dapat menjadi bagian dari pembelajaran. Kesimpulan, proses adopsi teknologi generative AI dalam dunia pendidikan menimbulkan dilema dan diperlukan kolaborasi para pemangku kepentingan pendidikan agar kehadiran teknologi tersebut dapat dimanfaatkan dengan baik dalam pembelajaran.",,Jurnal Pendidikan dan Kebudayaan,10.24832/jpnk.v9i1.4859,CrossRef,,1,https://doi.org/10.24832/jpnk.v9i1.4859
CR_10.33731/4-52023.289803,Do generative artificial intelligence systems dream of electric sheep? The concept and conditions of protection of objects generated by generative artificial intelligence systems in Ukraine’,Kostiantyn Zerov,2023,"The publication provides an overview of the noveltiesof the Ukrainian legislation «On Copyright and Related Rights» (2023) regarding the peculiarities of protection of non-original objects generated by a computer program (generative artificial intelligence system) using sui generis law, in particular through the prism of exceptions and limitations in copyright.Ukraine has introduced one of the world's first models of the legal protection of AI output through a special sui generis legal regime. The author determines that the legislator sets forth three conditions for a non-original object generated by a computer program (generative artificial intelligence system) to be protected by law: The AI output must differ from existing similar objects; the AI output must be generated as a result of the operation of a computerprogram without the direct participation of an individual in the generation of this object; and the rights of third parties must be respected when generating a non-original object.It is established that the existing exceptions and restrictions in Ukrainian copyright (free making of copies of works to search for text and data included in or related to scientific publications for research purposes and temporary reproduction) will allow limited operation of generative artificial intelligence systems. However, it is necessary to consider that AI outputs do not unreasonably restrict the legitimate interests of the relevant copyright owners.In practice, the functioning of generative artificial intelligence systems demonstrates one of the general principles of civil law - freedom of contract through self-regulation of the distribution of intellectual property rights to AI outputs. The assumption is made that it is not necessary to establish the «default» attribution of rights to such objects at the legislative level.The author suggests that in the future, depending on the requirements of sustainable economic development and the balance of interests between society and the relevant subjects of law, the terms of the legal protection of rights to AI outputs may be changed.The author provides recommendations for improving this area's legal regulation and enhancing law enforcement's efficiency.",,Theory and Practice of Intellectual Property,10.33731/4-52023.289803,CrossRef,,0,https://doi.org/10.33731/4-52023.289803
CR_10.51473/rcmos.v1i2.2025.1653,"Inteligência artificial generativa na educação: revisão de literatura sobre aspectos críticos, possibilidades e desafios",Marcos Antonio da Conceição Silva,2025,"The expansion of Generative Artificial Intelligence (GAI) in the educational context has brought about significant changes in teaching, learning, and assessment processes. Recent advances in large-scale language models have broadened the use of technological resources aimed at personalizing teaching, generating immediate feedback, and optimizing teaching tasks. Conversely, its adoption raises ethical, pedagogical, and socio-technical risks related to authorship, academic integrity, algorithmic biases, data privacy, and digital inequalities. This literature review analyzed publications between 2018 and 2023 on the use of GAI in education, considering scientific articles, technical reports, and international guidelines. The research used recognized databases and minimum selection criteria to ensure the credibility of the evidence consulted. The results indicate that the pedagogical use of GAI has the potential to innovate teaching practices and support formative processes, provided it is accompanied by critical teacher mediation, transparent institutional policies, and adequate teacher training. It is concluded that the responsible incorporation of GIA depends less on the technology itself and more on building governance, an ethical culture, and professional teacher development that guide its pedagogical use.",,RCMOS - Revista Científica Multidisciplinar O Saber,10.51473/rcmos.v1i2.2025.1653,CrossRef,,0,https://doi.org/10.51473/rcmos.v1i2.2025.1653
CR_10.1123/smej.2024-0018,Preparing Students for the Generative Artificial Intelligence Future: Integrating Artificial Intelligence Literacy in Sport Management Education,Alanna Harman,2025,"As artificial intelligence (AI) becomes increasingly embedded in everyday life, there is a growing expectation that graduates are savvy in utilizing these tools. However, arguably, more important than simply understanding how to utilize these tools is fostering AI literacy, that is, developing the skill to utilize AI tools and the ability to critically assess their utility. This paper introduces an assignment that utilizes ChatGPT to promote critical engagement with course content and a generative AI tool. By engaging students in tasks that require interaction with AI tools like ChatGPT, educators can nurture both technical skills and the ability to discern the appropriate application and limitations of AI, an essential skill for preparing students for the complexities of the modern technological landscape.",,Sport Management Education Journal,10.1123/smej.2024-0018,CrossRef,"Department of Kinesiology & Physical Education, Wilfrid Laurier University, Waterloo, ON, Canada",0,https://doi.org/10.1123/smej.2024-0018
CR_10.1007/s44163-026-01039-z,A computational mapping of global digital discourse on ChatGPT and the emergence of generative artificial intelligence,Muhammad Bilal Zafar,2026,"Abstract 
                   This study presents a large-scale computational mapping of global public discourse on generative AI, focusing on ChatGPT. Drawing on GDELT metadata, the study examines 141,509 news articles across more than 100 languages published during the two years after ChatGPT’s launch to map changes in thematic framing, sentiment, and geographic diffusion. The analysis identifies a clear lifecycle in discourse volume, transitioning from initial novelty-driven coverage to stabilized, institutional attention. Thematic patterns reveal a strong emphasis on education, professional roles, governance, and sociocultural inclusion. Sentiment analysis shows a general trend toward cautious optimism, but with significant regional asymmetry: news coverage in South and East Asia exhibits higher affective positivity, while Western media shows greater regulatory skepticism. Cross-linguistic sentiment mapping further reveals distinct emotional resonances, with Hindi, Urdu, and Spanish-language sources expressing higher optimism than Arabic and Russian counterparts. The study demonstrates how large-scale computational discourse analysis can provide a foundational empirical map of a technology’s entry into global public consciousness, offering critical insights for policymakers and scholars navigating the societal integration of AI.",,Discover Artificial Intelligence,10.1007/s44163-026-01039-z,CrossRef,,0,https://doi.org/10.1007/s44163-026-01039-z
CR_10.37547/tajet/volume07issue08-11,Paradigms of Generative Artificial Intelligence in Automating Corporate Code Writing,; Ankit Agarwal,2025,"This paper examines the paradigm shifts in leveraging generative artificial intelligence for automated code generation at the enterprise level. It is thus a critical review of prevailing prescriptions for integrating LLM agents into the software development lifecycles of modern enterprises, assessing their impact on team productivity and the new risks they introduce to confidentiality and licensing matters. The study would therefore be most befitting at this stage, as fast-forward steps are being made towards organizational adoption of generative AI, from mere IDE autocompletion features to more than a co-programmer but an autonomous agent capable even of popping pull requests sans humans in the loop, demanding new forms of legibility both organizationally and technically. The novelty of this research lies in its integration of material from scholarly works, industry reports, and case studies, along with lab pilot runs of Copilot and actual DevSecOps implementations, to triangulate the current state and future promise of this technology on a practical business level. Key findings include: a reduction of development cycle time by 50–60% without compromising code quality thanks to the integration of AI agents into IDEs and CI/CD pipelines; a shift of developers’ roles toward architects and reviewers as routine tasks are delegated to digital co‑programmers; and a necessity for phased implementation that accounts for private code protection and compliance with licensing norms. Significant barriers identified include model hallucination management, ensuring the traceability of changes, and adapting organizational culture and regulations to new roles such as prompt designers and AI-agent curators. The article will be of use to IT department heads, software architects, DevSecOps specialists, and researchers in the field of artificial intelligence.",,The American Journal of Engineering and Technology,10.37547/tajet/volume07issue08-11,CrossRef,,0,https://doi.org/10.37547/tajet/volume07issue08-11
CR_10.2196/48392,The ChatGPT (Generative Artificial Intelligence) Revolution Has Made Artificial Intelligence Approachable for Medical Professionals,Bertalan Mesko,2023,"In November 2022, OpenAI publicly launched its large language model (LLM), ChatGPT, and reached the milestone of having over 100 million users in only 2 months. LLMs have been shown to be useful in a myriad of health care–related tasks and processes. In this paper, I argue that attention to, public access to, and debate about LLMs have initiated a wave of products and services using generative artificial intelligence (AI), which had previously found it hard to attract physicians. This paper describes what AI tools have become available since the beginning of the ChatGPT revolution and contemplates how it they might change physicians’ perceptions about this breakthrough technology.",,Journal of Medical Internet Research,10.2196/48392,CrossRef,,117,https://doi.org/10.2196/48392
CR_10.6914/aiese.010207,Generative Artificial Intelligence in Dermatology Training: Advances and Applications in Educational Scenarios,Yu ZHANG; Linyu ZHU,2025,"Generative Artificial Intelligence (GAI) refers to a class of AI systems capable of creating novel, coherent, and contextually relevant content—such as text, images, audio, and video—based on patterns learned from extensive training datasets. The public release and rapid refinement of large language models (LLMs) like ChatGPT have accelerated the adoption of GAI across various medical specialties, offering new tools for education, clinical simulation, and research. Dermatology training, which heavily relies on visual pattern recognition and requires extensive exposure to diverse morphological presentations, faces persistent challenges such as uneven distribution of educational resources, limited patient exposure for rare conditions, and variability in teaching quality. Exploring the integration of GAI into pedagogical frameworks offers innovative approaches to address these challenges, potentially enhancing the quality, standardization, scalability, and accessibility of dermatology education. This comprehensive review examines the core concepts and technical foundations of GAI, highlights its specific applications within dermatology teaching and learning—including simulated case generation, personalized learning pathways, and academic support—and discusses the current limitations, practical challenges, and ethical considerations surrounding its use. The aim is to provide a balanced perspective on the significant potential of GAI for transforming dermatology education and to offer evidence-based insights to gu",,Artificial Intelligence Education Studies,10.6914/aiese.010207,CrossRef,,1,https://doi.org/10.6914/aiese.010207
CR_10.14201/adcaij.32644,Fear of the Future in the Context of the Emergence of Generative Artificial Intelligence Among Young Adults: The Case of Czechia,Adam Hruška; Hynek Roubík,2025,"This article delves into the fears and perceptions of young adults in Czechia regarding the uncertain future shaped by the rapid emergence of Generative Artificial Intelligence (GenAI). The analysis is based on a structured digital survey of 500 respondents within the 15-24 age group, predominantly university students. The survey used a dual-scale question design combining five-point Likert scales to measure levels of agreement and parallel importance ratings for each statement. Participants shared their views on GenAI’s potential effects on critical societal dimensions such as national sovereignty, democratic processes, individual privacy, and the labor market. Statistical analyses, including t-tests and correlation analyses, were conducted to identify subgroup differences and associations with self-reported digital competence. The findings reveal gender-based disparities, with female respondents consistently reporting higher levels of concern across the examined areas. These results suggest that gender plays a significant role in shaping perceptions of technological risks. Despite minor correlations suggesting that higher digital competence slightly reduces GenAI-related fears, the overall perception of risk re-mains high, particularly among females. Such a perspective aligns with the prevailing biases and adversarial use of technology that shape the perception of a GenAI-driven future. These results emphasize the need for policymakers to adopt gender-sensitive strategies when crafting regulations and frameworks for the responsible development and deployment of GenAI technologies. By addressing the diverse concerns of various demographic groups, society can better navigate the challenges posed by GenAI and foster a more inclusive and equitable technological future.",,ADCAIJ: Advances in Distributed Computing and Artificial Intelligence Journal,10.14201/adcaij.32644,CrossRef,,0,https://doi.org/10.14201/adcaij.32644
CR_10.61131/cc.2025.6.2.195,The International Status of Generative Artificial Intelligence Applications in Higher Education,; Zhuoyan Song Zhuoyan Song; Chunshik Kim Chunshik Kim,2025,,,Cultural Convergence Society,10.61131/cc.2025.6.2.195,CrossRef,,0,https://doi.org/10.61131/cc.2025.6.2.195
CR_10.14742/apubs.2023.538,Supporting students and educators in using generative artificial intelligence,Kim Taylor,2023,"The use of generative artificial intelligence (genAI) in university settings is a current topic of debate, with a range of viewpoints regarding the extent to which these tools should be used by students (Ahmad et al., 2023) and the potential applications of genAI tools in higher education (Yu &amp; Guo, 2023). Concerns have also been raised regarding the potential student misuse of genAI tools, and the ability of these tools to score a passing grade in some university subjects (Nikolic et al., 2023).


RMIT University’s position is that we must build the capability in our students to engage with AI as part of the current and future requirements of work. The RMIT units responsible for academic quality and for education innovation have created a set of statements that educators can choose from when designing assessment tasks. These statements include there being no restrictions on the use of genAI tools in the assessment task, that genAI tools can be used with limitations, or that genAI tools cannot be used.  If students are permitted to use genAI tools in assessment tasks, they must appropriately acknowledge and reference the use of these tools and their outputs.


In the library, we were tasked with creating citing and referencing guidelines for AI-generated content for each of the styles used at our institution, including APA 7th, IEEE, Chicago 17th and AGLC4. A challenge of this project was that there was either no specific genAI referencing advice provided by the style manual editors, or the advice was limited to a specific tool, e.g. ChatGPT in the case of APA 7th (McAdoo, 2023) and Chicago 17th (The Chicago Manual of Style Online, n.d.). We adapted the existing style advice for referencing software for the APA 7th, Harvard, Chicago 17th, and IEEE styles, the advice for referencing internet sources for Vancouver, and the advice for referencing personal correspondence for AGLC 4. We created referencing guidelines for both AI-generated text and images, as well as when genAI was used for background research. We also incorporated current Australian copyright advice into these guidelines, in which authorship can only be granted to human creators, and so the creator of the tool was used as the author rather than the tool itself. These guidelines are housed in a subject guide (RMIT, 2023) which has received more than 17,000 views between February and July 2023.


We also updated our Academic Integrity Awareness (AIA) microcredential to include educative information about genAI tools. We included guidance relating to the inaccurate information and ethical concerns in some of the current tools, as well as placing these tools within the overall context of academic integrity. This microcredential is used as a component of assessment tasks in many disciplines across our institution.


These resources assist students in maintaining academic integrity when using genAI tools in their learning, and when using genAI in their future careers, as they reinforce the central requirement that the work of others (including work that is AI-generated) is appropriately acknowledged. These resources will continue to be updated as genAI tools evolve and become more widely used within learning.",,ASCILITE Publications,10.14742/apubs.2023.538,CrossRef,,4,https://doi.org/10.14742/apubs.2023.538
CR_10.37497/rev.artif.intell.educ.v6ii.47,Glossary of Generative Artificial Intelligence for Education: A Conceptual and Pedagogical Framework,Jairo Alberto Galindo-Cuesta,2025,"Purpose: This glossary serves as a comprehensive terminological resource to understand generative artificial intelligence (AI) in educational contexts. It aims to bridge the gap between technical AI concepts and pedagogical practices, fostering an informed dialogue among educators, researchers, policymakers, and students.
Design/Methodology/Approach: The glossary was developed through a mixed-methods approach combining a systematic literature review (following PRISMA guidelines), natural language processing techniques (e.g., term frequency analysis, semantic clustering), and a Delphi validation process with multidisciplinary experts. Terms were selected based on pedagogical relevance, conceptual clarity, and frequency of use in educational AI discourse.
Findings: The resulting glossary offers operational definitions of key terms associated with generative AI—especially large language models (LLMs)—from the perspective of digital pedagogy, computational semantics, and cognitive sciences. It includes evolving concepts, application examples, and cross-referenced terms to support integration in teacher education and curriculum design.
Practical Implications: This glossary provides a foundational vocabulary for designing educational programs, professional development initiatives, and policy guidelines. It also supports AI literacy by enhancing educators’ critical understanding and ethical application of emerging technologies in teaching and learning environments.
Originality/Value: By aligning technical AI terminology with pedagogical frameworks, this glossary promotes the responsible and effective integration of generative AI in education. It addresses the urgent need for accessible, validated resources to empower educators and institutions in navigating the fast-evolving landscape of AI-enhanced education.",,Review of Artificial Intelligence in Education,10.37497/rev.artif.intell.educ.v6ii.47,CrossRef,,0,https://doi.org/10.37497/rev.artif.intell.educ.v6ii.47
CR_10.58496/bjai/2025/002,Image Generation Using Generative AI: Comparison Between OpenAI Art and Stable Diffusion,Ismael Khaleel Khlewee,2025,"Generative AI has made significant strides in image generation, with OpenAI Art and Stable Diffusion emerging as two prominent tools in the field. This study aims to compare the capabilities of these two models in terms of performance, quality, and creativity in generating images based on text prompts. We evaluate both tools using a range of image categories, assessing their output for accuracy, creativity, and consistency with provided instructions. The findings suggest that while OpenAI Art offers faster responses and simpler outputs, Stable Diffusion excels in producing more realistic and diverse images. This paper delves into the methodologies of both tools, offering insights into their strengths and limitations, and provides a comprehensive comparison based on experimental results.",,Babylonian Journal of Artificial Intelligence,10.58496/bjai/2025/002,CrossRef,,4,https://doi.org/10.58496/bjai/2025/002
CR_10.54364/jaiai.2024.1105,Enhancing Efficiency and Innovation with Generative AI,Xunyu Pan,2024,"Generative AI, powered by Large Language Models (LLMs), has the potential to revolutionize human life by automating tasks, fostering creativity, and improving efficiency. In this work, we highlight recent advancements and related studies in generative AI, focusing on its profound impact across diverse domains such as business customization, healthcare, and software development. Key trends are discussed, including the integration of multimodal AI, which combines text, speech, and images to create seamless interactions and enhance user experiences. The growing adoption of generative AI in enterprises, driven by efficiency gains and innovation, underscores its transformative potential in business operations. Furthermore, the evolving regulatory landscape seeks to address ethical and legal challenges posed by AI, particularly in regulating high-risk systems and ensuring transparency and accountability. This study explores three AI-driven systems we developed, using case studies to demonstrate how generative AI transforms routine tasks, making them more efficient and innovative. Usability testing was conducted to assess the performance of these systems, and experimental results validate their effectiveness in automating tasks, personalizing user experiences, and improving operational efficiency. These findings emphasize the growing importance of customized AI solutions in enhancing operational efficiency and meeting specific organizational needs, ultimately leading to significant improvements in both personal and professional settings.",,Journal of Artificial Intelligence and Autonomous Intelligence,10.54364/jaiai.2024.1105,CrossRef,,4,https://doi.org/10.54364/jaiai.2024.1105
CR_10.65221/0053,Opportunities and challenges of generative artificial intelligence models for Africa awareness: A systematic literature analysis,Matendo Didas; Shuubi Mutajwaa,2025,"Although generative artificial intelligence (GenAI) has made significant strides in the past ten years, Africa is still lagging in comprehending its advantages and difficulties. By examining the potential and difficulties of GenAI for African awareness, this work fills that knowledge vacuum. Out of 223 publications, 91 were examined using a systematic literature review (PRISMA). There is a great deal of promise for GenAI to transform industries, including healthcare, education, and transportation. Nevertheless, the study points out important obstacles to its uptake, such as prejudice, a lack of openness, delusions, abuse, resource optimization, and moral dilemmas. The study contributes a research framework for further analysis as well as an empirical implementation layout. By providing a conceptual framework for observational analysis and useful recommendations for putting GenAI efforts into action, it lays the groundwork for future study",,African Research Reports,10.65221/0053,CrossRef,,0,https://doi.org/10.65221/0053
CR_10.18173/2354-1075.2025-0130,DEVELOPING SECONDARY SCHOOL STUDENTS’ COMPETENCE IN UTILIZING GENERATIVE ARTIFICIAL INTELLIGENCE FOR MULTIMODAL TEXT WRITING,Nguyen The Hung,2025,"This study aims to develop students’ competence in utilizing generative artificial intelligence (GenAI) in writing multimodal texts in secondary schools. The study proposes a competency framework for GenAI application in students’ multimodal text writing, consisting of three basic dimensions: Foundational Understanding, Effective Interaction with GenAI, and Strategic Application in the Multimodal Writing Process. Additionally, the study develops three specific pedagogical solutions for application in secondary school teaching activities. These measures aim to equip students with foundational knowledge about multimodal texts and GenAI, hone their skills in interacting with AI tools, and integrate GenAI into the stages of the multimodal text writing process from preparation, information gathering, brainstorming, outlining, and writing to post-writing editing. The ultimate goal is to help students master GenAI tools and use GenAI appropriately in the process of writing multimodal texts, ensuring that they meet the requirements for multimodal text writing skills outlined in the 2018 General Education Curriculum for Language Arts.",,Journal of Science Educational Science,10.18173/2354-1075.2025-0130,CrossRef,,0,https://doi.org/10.18173/2354-1075.2025-0130
CR_10.47191/etj/v9i07.21,Opinion-Mining Technique on Generative Artificial Intelligence Topic Using Data Classification Algorithms,; Michael Albino,2024,"The study employed an opinion-mining technique using data classification algorithms on the topic of Generative Artificial Intelligence (GenAI) to determine the sentiments of Twitter users. The researcher used a sentiment analysis framework to gather the datasets for dataset training and predict the results using Naïve Bayes, Random Forest, and SVM algorithms. The result shows that SVM and Random Forest algorithms had the same precision and recall of 1.000 indicating that the result has no false positive values. On the other hand, the Naïve Bayes algorithm garnered a .949 precision and .939 recall which means fewer false positive results on the trained models. The overall result shows that the trained datasets indicate a successful prediction with fewer false positive results. Moreover, the result of the sentiment analysis shows that more positive sentiments were drawn on the topic of generative artificial intelligence indicating the use and benefits of using AI. Furthermore, based on the result of the study, the research recommended the use of the sentiment analysis framework through an opinion-mining technique using data classification algorithms as it may help analyze different emotions of social media users.",,Engineering and Technology Journal,10.47191/etj/v9i07.21,CrossRef,,0,https://doi.org/10.47191/etj/v9i07.21
CR_10.17231/comsoc.47(2025).6212,Generative Artificial Intelligence in Media Production. The Emerging Role of Artificial Intelligence Artist in Spain,Sonia Dueñas Mohedas; Francisco Jiménez Alcarria,2025,"Artificial intelligence (AI) technologies have advanced exponentially in recent years, particularly in machine learning, including convolutional neural networks and generative adversarial networks. Their implementation in the creative industries has rapidly evolved from information analysis and data compression to the use of generative AI tools for media production. This exploratory study analyses the emerging role of the AI artist in applying generative AI techniques to the audio-visual post-production processes of the television series La Mesías (The Messiah; Movistar+, 2023) and the music video Pesadillas (Nightmares; Martina Hache, 2024), which were implemented by Alejandra G. López. The characteristics of the visual style resulting from their implementation will be studied. The methodological design combines approaches from media industry studies and organisational sociology, utilising a systematic hemerographic and bibliographic review, an in-depth interview and a technical analysis of the sequences involved. The workflow phases where AI was used are identified and classified according to the categories proposed by Anantrasirichai and Bull (2022): content creation, information analysis, content and workflow improvement, and information extraction. The results show that generative AI has a particularly significant impact on visual effects and 2D/3D compositing, creating a style that enhances realism with dreamlike atmospheres. The analysis also shows that these techniques, implemented with generative AI, require specialised profiles in the field and will be integrated into the audio-visual post-production workflow alongside other classic digital compositing and visual effects procedures.",,Comunicação e Sociedade,10.17231/comsoc.47(2025).6212,CrossRef,,0,https://doi.org/10.17231/comsoc.47(2025).6212
CR_10.47363/jaicc/2025(4)420,Generative Artificial Intelligence Unveiled,; Ranjith Martha,2025,"This journal discusses key concepts of generative AI by utilizing the Large Language Models application architecture. Briefs about the architecture of
Generative AI, capabilities of Generative AI and prominence of LLMs across various domains. The paper also discusses some of the applications and
implications of generative AI.",,Journal of Artificial Intelligence &amp; Cloud Computing,10.47363/jaicc/2025(4)420,CrossRef,,0,https://doi.org/10.47363/jaicc/2025(4)420
CR_10.1097/ncm.0000000000000681,AI and Case Management: From Artificial Intelligence to Generative Intelligence,Suzanne K. Powell,2023,Conversations about artificial intelligence (AI) are impossible to escape since the inception of ChatGPT in November 2022—whether it is about the end of our jobs or the end of the world! This Editorial talks about AI and its subsets and how this may relate to health care.,,Professional Case Management,10.1097/ncm.0000000000000681,CrossRef,,1,https://doi.org/10.1097/ncm.0000000000000681
CR_10.58812/wslhr.v1i04.330,The Implication of Generative Artificial Intelligence towards Intellectual Property Rights (Examining the Multifaceted Implications of Generative Artificial Intelligence on Intellectual Property Rights),Priscilla Auleader Napitupulu; Clara Alrosa Fernanda Sinaga; Albert Lukas Pithel Hasugian,2023,"Generative Artificial Intelligence (Generative AI) is transforming content creation, enabling faster and cheaper production of text, images, and more. However, it raises complex issues regarding intellectual property rights and ownership. This article explores the evolving landscape of AI-generated content, focusing on its alignment with existing intellectual property regulations. It delves into legal disputes exemplified by cases like Getty Images, INC. v. Stability AI, INC, and Doe v. Github, INC, which highlight the challenges of AI-generated content regarding intellectual property. The article also discusses the impact on the creative sector and offers recommendations, including the need for ethical guidelines, education, hybrid collaboration, public involvement, and international cooperation. Addressing these challenges is crucial to harmonize intellectual property rights and maximize the benefits of AI in content creation.",,West Science Law and Human Rights,10.58812/wslhr.v1i04.330,CrossRef,,6,https://doi.org/10.58812/wslhr.v1i04.330
CR_10.21511/kpm.08(2).2024.05,What drives economics students to use generative artificial intelligence?,Mariia Balytska; Martina Rašticová; Nataliia Versal; Ihor Honchar; Nataliia Prykaziuk; Nataliia Tkalenko,2024,"The increasing integration of Artificial Intelligence (AI) into education requires studying the motives for its use among students. This study aims to identify the key motivations for economics students to use AI and compare these motivations by grade level and gender. The study examines satisfaction with the use of AI and analyzes the number of AI tools used.
An anonymous empirical study was conducted among 264 students from the Faculty of Economics at Taras Shevchenko National University of Kyiv, Ukraine. Data analysis included descriptive statistical methods, non-parametric statistical methods, and exploratory factor analysis.
The study found that students’ main motivations for using AI are the automation of routine tasks (34.2%) and the need to save time (21.5%), while 18.7% use AI to compensate for lack of experience. Among Bachelor’s students, motivations such as automating routine tasks and saving time increased from 53% to 58% over the course of their studies, while lack of experience decreased from 22% to 15%. In contrast, Master’s students showed a decrease in routine automation (from 36% to 28%) but an increase in the need to compensate for lack of experience (from 15% to 28%) and to save time (from 18% to 25%). In terms of gender, men are more likely to use AI for learning and personal development, while women are slightly more likely to use AI for work. More than 38% of respondents say they need to use at least 2 AIs to achieve their goals.
Acknowledgment This publication is based upon work from 24-PKVV-UM-002, ‘Strengthening the Resilience of Universities: Czech-Ukrainian Partnership for Digital Education, Research Cooperation, and Diversity Management,’ supported by the Czech Development Agency and the Ministry of Foreign Affairs under the initiative ‘Capacity Building of Public Universities in Ukraine 2024.’",,Knowledge and Performance Management,10.21511/kpm.08(2).2024.05,CrossRef,"Ph.D. Student, Taras Shevchenko National University of Kyiv",3,https://doi.org/10.21511/kpm.08(2).2024.05
CR_10.14742/apubs.2024.1226,Flipped Learning with Generative Artificial Intelligence,Nguyen Bui,2024,"This study explores the complex process of integrating generative artificial intelligence (GenAI) into a flipped classroom. Employing Clandinin and Connelly’s (2000) narrative inquiry framework, the study collected data from class observations and semi-structured interviews with a lecturer and six English-majored undergraduates before, during, and at the end of a 15-week British Literature course. Bhattacharya’s (2017) inductive analysis model was used to inform the thematic narrative sub-approach. The findings revealed both challenges and benefits associated with using GenAI for flipped learning while highlighting its impact on students’ self-regulated learning and teacher self-efficacy.
This presentation retells stories from the participants’ lived experiences in a GenAI-enabled and flipped classroom. Exemplary learning resources are showcased to demonstrate how GenAI tools can effectively and efficiently facilitate flipped learning. The insights gained from this study contribute to a deeper understanding of the potential of GenAI in transforming educational practices and enhancing the flipped learning experience.",,ASCILITE Publications,10.14742/apubs.2024.1226,CrossRef,,1,https://doi.org/10.14742/apubs.2024.1226
CR_10.58861/tae.di.2024.2.03,GENERATIVE ARTIFICIAL INTELLIGENCE AND THE POTENTIAL BENEFITS FOR BANKS,Пламен Джапаров,2024,"There is no doubt that the emergence of ChatGPT in November 2022
                        has become one of the most significant technological events in recent decades. The
                        new-generation chat platform developed by OpenAI has caused a veritable ""tsunami""
                        of interest in its underlying Generative Artificial Intelligence (Gen AI). Business
                        organizations in all economic areas are dramatically increasing their investments in
                        this new technology and launching pilot projects testing its capabilities. Banks are no
                        exception to this trend. With the vast amounts of data at their disposal and everincreasing user
                        demands,
                        they are quickly realizing that Gen AI promises numerous
                        benefits both concerning customer service and in terms of internal banking processes
                        and operations.
                        This paper examines the characteristics of generative artificial intelligence by
                        comparing it with traditional AI models that have been used in banks. The main
                        factors that make banking the perfect place for the application of the new technology
                        are brought out. Based on this, the analysis focuses on surveying the many potential
                        benefits of its implementation – from improving customer experiences, through better
                        risk management, to optimizing the work of back-office employees and developers.",,Dialogue,10.58861/tae.di.2024.2.03,CrossRef,Катедра „Финанси“ Икономически университет - Варна,0,https://doi.org/10.58861/tae.di.2024.2.03
CR_10.1007/s12144-025-07433-7,Generative artificial intelligence acceptance and artificial intelligence anxiety among university students: the sequential mediating role of attitudes toward artificial intelligence and literacy,Serkan Cengiz; Adem Peker,2025,"Abstract 
           The use of artificial intelligence (AI) applications is increasing in daily life. However, despite its remarkable capabilities, the widespread integration of this technology into all aspects of human life also carries the risk of causing unforeseen psychological difficulties for humanity. For this reason, it is necessary to identify the factors that may particularly affect artificial intelligence anxiety. We examined the sequential mediation effect of AI literacy and attitudes towards AI on the relationship between generative AI acceptance and AI anxiety. The study was conducted with 494 university students ( M 
             
               age 
              = 21.84,  SD  = 1.24). The research model was designed according to the PROCESS Macro model 80 proposed by Hayes. Data were analyzed using the SPSS v.26 program, Pearson’s correlations, and Hayes’s PROCESS macro method for mediation. The results revealed that AI anxiety has significant relationships with generative AI acceptance, AI literacy, and attitudes toward AI. Indirect effect tests supported the mediating relationship between attitudes toward AI and AI literacy. These results help us understand the underlying mechanism in the relationship between generative AI acceptance and AI anxiety.",,Current Psychology,10.1007/s12144-025-07433-7,CrossRef,,33,https://doi.org/10.1007/s12144-025-07433-7
CR_10.1186/s40561-025-00403-3,"Artificial intelligence, generative artificial intelligence and research integrity: a hybrid systemic review",Khalid H. Arar; Hamit Özen; Gülşah Polat; Selahattin Turan,2025,"Abstract 
           Current advances in academic research stem from two main sources: artificial intelligence technologies and the specific field of generative artificial intelligence. However, the ethical use of these technologies and their implications for academic integrity has not been sufficiently investigated. Therefore, this research examines the ethical use of artificial intelligence technologies and Generative Artificial Intelligence in academic research. It focuses on the current field conditions, detection of research trends, and critical gaps. The study uses a combination of bibliometric and thematic content analysis methods to examine the methodological framework of AI, GenAI, and academic integrity from an interdisciplinary perspective. The research reveals that GenAI integration speed has accelerated across all research stages, including academic writing, literature review, data analysis, and hypothesis development. The study also identifies risks such as biased algorithms, plagiarism risk, false information production, and potential damage to academic integrity. The research ethics approaches developed by academic institutions and journals have not reached maturity in the context of AI. Future research on GenAI within academic processes requires forming ethical principles integrated with oversight systems and policy frameworks.",,Smart Learning Environments,10.1186/s40561-025-00403-3,CrossRef,,10,https://doi.org/10.1186/s40561-025-00403-3
CR_10.59400/cai.v3i1.1498,"Generative artificial intelligence (GAI): From large language models (LLMs) to multimodal applications towards fine tuning of models, implications, investigations",Zarif Bin Akhtar,2024,"This research explores the transformative integration of artificial intelligence (AI), robotics, and language models, with a particular emphasis on the PaLM-E model. The exploration aims to assess PaLM-E’s decision-making processes and adaptability across various robotic environments, demonstrating its capacity to convert textual prompts into very precise robotic actions. In addition, the research investigates Parameter-Efficient Fine-Tuning (PEFT) techniques, such as Low-Rank Adaptation (LoRA) and Quantized Low-Rank Adaptation (QLoRA), providing a historical overview of PEFT and highlighting their significance in enhancing task performance while reducing the number of trainable parameters. The broader scope of Generative AI is examined through an analysis of influential models like GPT-3, GPT-4, Copilot, Bard, LLaMA, Stable Diffusion, Midjourney, and DALL-E. These models’ abilities to process natural language prompts and generate a wide range of outputs are thoroughly investigated. The research traces the historical evolution of AI, from its roots in science fiction to its practical applications today, with a focus on the rise of Generative AI in the 21st century. Furthermore, the research delves into the various modalities of Generative AI, covering applications in text, code, images, and more, and assesses their real-world impact on robotics, planning, and business intelligence. The implications of synthetic data generation for business analytics are also explored. The research inspects within both software and hardware landscapes, comparing local deployment on consumer-grade hardware along with cloud-based services, and underscores the benefits of local model deployment in terms of privacy protection, intellectual property security, and censorship resistance. Ethical considerations are central to this research, addressing concerns related to privacy, security, societal impact, biases, and misinformation. The research proposes ethical guidelines for the responsible development and deployment of AI technologies. Ultimately, this work reveals the deep interconnections between vision, language, and robotics, pushing the boundaries of AI capabilities and providing crucial insights for future AI model development and technological innovation. These findings are intended to guide the field through the emerging challenges of the rapidly evolving Generative AI landscape.",,Computing and Artificial Intelligence,10.59400/cai.v3i1.1498,CrossRef,,3,https://doi.org/10.59400/cai.v3i1.1498
CR_10.11648/j.ajai.20250902.13,Research on Application Pathways and Development Trends of Generative Artificial Intelligence in 3D Modeling,Liang Cao; Dong Junie,2025,"With the rapid advancement of Generative Artificial Intelligence (AIGC, Artificial Intelligence Generated Content) technology, 3D modeling, as a core component of digital content creation, is undergoing a profound transformation from &amp;quot;human-driven&amp;quot; to &amp;quot;intelligent generation.&amp;quot; Traditional 3D modeling relies on specialized software and manual operations by modelers, characterized by complex workflows, inefficiency, and high skill barriers. In contrast, AIGC enables the automatic generation of 3D geometry, topological relationships, and texture mapping information through natural language prompts (Prompt), image inputs, or sketch instructions, significantly enhancing modeling efficiency and creative freedom. This paper systematically reviews the current primary pathways—Text-to-3D, Image-to-3D, and Sketch-to-3D—based on the technical principles of generative models. It conducts an in-depth analysis of the application characteristics of representative platforms such as MeshyAI, Kaedim, Tripo, and Hunyuan 3D. Through case studies, the feasibility and operational workflows of AIGC modeling in character asset generation, scene construction, and teaching practices are examined. Furthermore, the study comparatively analyzes the differences between AIGC and traditional modeling approaches in terms of efficiency, quality, and scalability, highlighting current challenges faced by AIGC, including precision control, limited editability, and copyright compliance. The research posits that AIGC is reconstructing the paradigm of 3D modeling, propelling 3D content production towards a new era of &amp;quot;intelligent collaboration&amp;quot; and &amp;quot;low-barrier generation.&amp;quot; Future advancements are expected to be driven by the deep integration of AIGC with Digital Content Creation (DCC) toolchains, the evolution of multimodal large models, and enhanced semantic control capabilities of Prompts. This study aims to provide a systematic reference and trend analysis for the integration of AIGC modeling technology within higher education, industry practices, and AI development.",,American Journal of Artificial Intelligence,10.11648/j.ajai.20250902.13,CrossRef,"Communication University of China, Nanjing, Nanjing, China",0,https://doi.org/10.11648/j.ajai.20250902.13
CR_10.70088/vyj84j25,Research on the Intelligent Reform Pathway of Higher Education Empowered by Generative Artificial Intelligence,Gao Min,2025,"The rapid advancement of generative artificial intelligence (GAI) has reshaped university teaching models and learning practices, emerging as a central force in instructional innovation and driving the broader digital transformation of higher education. Centered on teaching reform, this paper conducts a systematic analysis of how GAI enhances instructional processes through multimodal resource generation, dynamic learning-support services, adaptive assessment, and data-driven student feedback. It further examines GAI's contribution to constructing intelligent and interconnected teaching ecosystems, strengthening personalized learning pathways, and improving instructional efficiency across diverse disciplinary contexts. Building on an extensive literature-based examination, the study introduces a comprehensive four-dimensional, drive-oriented framework for promoting intelligent university teaching reform-Technology Support, Scenario Integration, Intelligent Feedback, and Competency Development-emphasizing how these dimensions interact to optimize pedagogical decisions, cultivate learner autonomy, and support evidence-based instructional improvement. The proposed framework aims to provide a theoretical foundation and actionable guidance for universities seeking to achieve sustainable, high-quality educational digital transformation in the evolving landscape of the new era.",,Artificial Intelligence and Digital Technology,10.70088/vyj84j25,CrossRef,,0,https://doi.org/10.70088/vyj84j25
CR_10.1007/s44223-024-00066-z,Adaptive interior design method for different MBTI personality types based on generative artificial intelligence,Zhaoxu Huang,2024,"Abstract  Accurately predicting homeowners’ aesthetic preferences is crucial in interior design. This study develops a fine-tuning model (LORA) for interior design styles corresponding to different MBTI personality types, leveraging the Stable Diffusion Web UI platform and integrating it into a generative artificial intelligence framework. Subsequently, personalized aesthetic preference architectural interior renderings are recommended based on homeowners’ personality traits, aiming to achieve an adaptive interior design approach. To achieve more precise adaptive solutions, this research surveys the style and color tendencies of respondents with different MBTI personality types and adds style description prompts to assist in image generation. The study finds that this method can better predict the interior design styles favored by certain MBTI personality types. This research contributes to addressing aesthetic biases between designers and homeowners, bringing innovative ideas and methods to interior design, and is expected to enhance homeowners’ satisfaction.",,Architectural Intelligence,10.1007/s44223-024-00066-z,CrossRef,,7,https://doi.org/10.1007/s44223-024-00066-z
CR_10.61109/cs.202410.134,Generative artificial intelligence for discovering new materials,Taylor Sparks,2024,"Crystal structure prediction has long fascinated scientists. There has been intense investigation over the last century ranging from simplistic rules to data-driven predictions and, most recently, generative artificial intelligence tools developed by academics and now deployed at scale by private companies like DeepMind. The author describes the timeline of crystal structure prediction and how machine learning has supplemented and, in some cases, replaced traditional approaches. The video article compares generative models including variational autoencoders, generative adversarial networks, and diffusion models and describes new efforts to condition these models to achieve inverse design of new crystal structures. Specific examples of xtal2png and CrysTens representations were given.",,Coshare Science,10.61109/cs.202410.134,CrossRef,,2,https://doi.org/10.61109/cs.202410.134
CR_10.1177/17411432251361251,"Support for generative artificial intelligence as a predictor of middle leaders’ generative artificial intelligence self-efficacy, valuing, and integration in school leadership work",Izhak Berkovich; Ori Eyal,2025,"The research explored the role of organisational support for generative artificial intelligence (GenAI) in predicting middle leaders’ GenAI integration in school leadership work, with a focus on GenAI self-efficacy and valuing as mediators of that effect. The study was based on social cognition theory and a sample of 277 Israeli middle leaders from public elementary and secondary schools. The data were analysed using SPSS and the PROCESS macro. The findings indicate that support for GenAI positively influences both GenAI self-efficacy and valuing but only GenAI self-efficacy emerged as a significant mediator. The results expand the limited empirical scholarship on AI in school leadership, most of which is non-empirical. The results suggest that middle leaders’ confidence in their ability to use GenAI plays a critical role in their engagement with the technology and that organisational support helps promote GenAI adoption. Middle leaders’ GenAI self-efficacy was shown to play a key role in channelling the beneficial effect of school support on integration in practice. The results and their implications are discussed.",,Educational Management Administration &amp; Leadership,10.1177/17411432251361251,CrossRef,,4,https://doi.org/10.1177/17411432251361251
CR_10.1093/bjrai/ubae012,"Clinical applications of generative artificial intelligence in radiology: image translation, synthesis, and text generation",Zhiqi Zhong; Xueqian Xie,2024,"Abstract 
                Generative artificial intelligence (AI) has enabled tasks in radiology, including tools for improving image quality. Recently, new hotspots have emerged, such as intra- or inter-modal image translation, task-specific image synthesis, and text generation. Advances in generative AI have facilitated the move towards low-dose, cost-effective, and high-quality radiological image acquisition. Large language models can aid radiologists by generating professional answers and facilitating patient-physician communications. However, radiologists must be aware of potential inaccuracies in the generated content and should only use such tools after rigorous validation of their performance.",,BJR|Artificial Intelligence,10.1093/bjrai/ubae012,CrossRef,"Radiology Department, Shanghai General Hospital, Shanghai Jiao Tong University School of Medicine , Shanghai 200080, China",3,https://doi.org/10.1093/bjrai/ubae012
CR_10.3390/math11143055,Recent Advances in Generative Adversarial Networks for Gene Expression Data: A Comprehensive Review,Minhyeok Lee,2023,"The evolving field of generative artificial intelligence (GenAI), particularly generative deep learning, is revolutionizing a host of scientific and technological sectors. One of the pivotal innovations within this domain is the emergence of generative adversarial networks (GANs). These unique models have shown remarkable capabilities in crafting synthetic data, closely emulating real-world distributions. Notably, their application to gene expression data systems is a fascinating and rapidly growing focus area. Restrictions related to ethical and logistical issues often limit the size, diversity, and data-gathering speed of gene expression data. Herein lies the potential of GANs, as they are capable of producing synthetic gene expression data, offering a potential solution to these limitations. This review provides a thorough analysis of the most recent advancements at this innovative crossroads of GANs and gene expression data, specifically during the period from 2019 to 2023. In the context of the fast-paced progress in deep learning technologies, accurate and inclusive reviews of current practices are critical to guiding subsequent research efforts, sharing knowledge, and catalyzing continual growth in the discipline. This review, through highlighting recent studies and seminal works, serves as a key resource for academics and professionals alike, aiding their journey through the compelling confluence of GANs and gene expression data systems.",,Mathematics,10.3390/math11143055,CrossRef,"School of Electrical and Electronics Engineering, Chung-Ang University, Seoul 06974, Republic of Korea",51,https://doi.org/10.3390/math11143055
CR_10.17485/ijst/v19i7.1842,Explicating Generative Artificial Intelligence Literacy of Management Students in India,; Namrata Ladha; Priya Rathore,2026,"Purpose: It is apparent that Generative Artificial Intelligence (Gen-AI) is making its way into our daily lives. To navigate in an AI-influenced world and participate in future advances, students require a set of skills, known as AI Literacy, comprising using, applying, and communicating with AI. The current work discusses the future managers’ ability to understand and critically use Gen AI technologies with an emphasis on their technological, ethical, and socio-organizational dimensions. This literacy development is critical to students’ academic performance and their future success in the AI-enabled workplace. This paper’s objective is to assess the depth and quality of Gen-AI literacy among management students in India and find out whether demographic groups are comparable by level of GenAI literacy. Methodology: We used a quantitative cross-sectional design. Data were collected from management students from various Indian states through a questionnaire developed based on an established AI literacy scale. The scale successfully captured 6 dimensions of Gen-AI literacy: the social impact, execution, problem solving with Gen-AI, data literacy and AI ethics. Results: The findings reveal a moderate level of Gen-AI competency in management students. Respondents demonstrated greater awareness of social and ethical considerations, but less proficiency in problem-solving with Gen-AI software. No significant differences existed in Gen-AI proficiency by gender, family income, the background of parents or prior academic stream. Originality/Value: This study contributes to the growing domain of Gen-AI by evaluating the AI literacy of management students and supporting for improvement of students’ AI literacy levels. The present study achieved greater results by combining several methodological strengths, addressing persistent limitations in GenAI literacy research, and focusing on an underrepresented population.

Keywords: AI Literacy, Generative AI, Literacy Assessment, Students’ Literacy, Management",,Indian Journal Of Science And Technology,10.17485/ijst/v19i7.1842,CrossRef,,0,https://doi.org/10.17485/ijst/v19i7.1842
CR_10.3390/math11112451,A Mathematical Interpretation of Autoregressive Generative Pre-Trained Transformer and Self-Supervised Learning,Minhyeok Lee,2023,"In this paper, we present a rigorous mathematical examination of generative pre-trained transformer (GPT) models and their autoregressive self-supervised learning mechanisms. We begin by defining natural language space and knowledge space, which are two key concepts for understanding the dimensionality reduction process in GPT-based large language models (LLMs). By exploring projection functions and their inverses, we establish a framework for analyzing the language generation capabilities of these models. We then investigate the GPT representation space, examining its implications for the models’ approximation properties. Finally, we discuss the limitations and challenges of GPT models and their learning mechanisms, considering trade-offs between complexity and generalization, as well as the implications of incomplete inverse projection functions. Our findings demonstrate that GPT models possess the capability to encode knowledge into low-dimensional vectors through their autoregressive self-supervised learning mechanism. This comprehensive analysis provides a solid mathematical foundation for future advancements in GPT-based LLMs, promising advancements in natural language processing tasks such as language translation, text summarization, and question answering due to improved understanding and optimization of model training and performance.",,Mathematics,10.3390/math11112451,CrossRef,"School of Electrical and Electronics Engineering, Chung-Ang University, Seoul 06974, Republic of Korea",24,https://doi.org/10.3390/math11112451
CR_10.1177/01655515241293775,Evaluating public sector employee perceptions towards artificial intelligence and generative artificial intelligence integration,Luca Giraldi; Luca Rossi; Edyta Rudawska,2024,"This study investigates the emerging field of innovative technology applications for public usage, focusing on employee perspectives. The research employs a questionnaire-based approach, collecting responses from 439 participants and examining demographics, technological proficiency, utility perceptions, personal data concerns, attitudes towards artificial intelligence and generative artificial intelligence, and willingness to endorse technology adoption. The data analysis minimises discrepancies between predicted and actual values through multiple linear regression. In addition, statistical methods such as Spearman’s ρ, the Wilcoxon–Mann–Whitney test and chi-square statistics are employed to consolidate the findings, ensuring the thoroughness and validity of the research process. The results indicate a positive inclination among participants to perceive artificial intelligence as augmentative rather than a replacement in public usage contexts. The research’s originality lies in the unique contribution of employees to technology adoption and strategic knowledge asset renewal for the management in the public domain.",,Journal of Information Science,10.1177/01655515241293775,CrossRef,"University of Macerata, Italy",7,https://doi.org/10.1177/01655515241293775
